Espécie,Cromossomo,Tamanho (bp),ID do Cromossomo (FASTA)
Gallus gallus,Cromossomo/Scaffold,196242913,NC_052573.1
Gallus gallus,Cromossomo/Scaffold,149940142,NC_052574.1
Gallus gallus,Cromossomo/Scaffold,110406817,NC_052575.1
Gallus gallus,Cromossomo/Scaffold,90563926,NC_052576.1
Gallus gallus,Cromossomo/Scaffold,86044486,NC_059536.1
Gallus gallus,Cromossomo/Scaffold,59353219,NC_052577.1
Gallus gallus,Cromossomo/Scaffold,36265832,NC_052579.1
Gallus gallus,Cromossomo/Scaffold,36041924,NC_052578.1
Gallus gallus,Cromossomo/Scaffold,29567511,NC_052580.1
Gallus gallus,Cromossomo/Scaffold,23494135,NC_052581.1
Gallus gallus,Cromossomo/Scaffold,20321356,NC_052582.1
Gallus gallus,Cromossomo/Scaffold,20129920,NC_052584.1
Gallus gallus,Cromossomo/Scaffold,19981121,NC_052583.1
Gallus gallus,Cromossomo/Scaffold,17936364,NC_052585.1
Gallus gallus,Cromossomo/Scaffold,15370873,NC_052586.1
Gallus gallus,Cromossomo/Scaffold,14125975,NC_052592.1
Gallus gallus,Cromossomo/Scaffold,12700396,NC_052587.1
Gallus gallus,Cromossomo/Scaffold,11216778,NC_052590.1
Gallus gallus,Cromossomo/Scaffold,10459299,NC_052589.1
Gallus gallus,Cromossomo/Scaffold,10193151,NC_052591.1
Gallus gallus,Cromossomo/Scaffold,9109940,NC_059535.1
Gallus gallus,Cromossomo/Scaffold,6842595,NC_052593.1
Gallus gallus,Cromossomo/Scaffold,6402218,NC_052599.1
Gallus gallus,Cromossomo/Scaffold,6382819,NC_052596.1
Gallus gallus,Cromossomo/Scaffold,6197481,NC_052595.1
Gallus gallus,Cromossomo/Scaffold,5297963,NC_052598.1
Gallus gallus,Cromossomo/Scaffold,4978247,NC_052600.1
Gallus gallus,Cromossomo/Scaffold,4783206,NC_052594.1
Gallus gallus,Cromossomo/Scaffold,3049188,NC_052606.1
Gallus gallus,Cromossomo/Scaffold,3011307,NC_052597.1
Gallus gallus,Cromossomo/Scaffold,2866186,NC_052605.1
Gallus gallus,Cromossomo/Scaffold,1684341,NC_052603.1
Gallus gallus,Cromossomo/Scaffold,1208922,NC_052588.1
